{"meta":{"title":"Hexo","subtitle":null,"description":null,"author":"lliiooiill","url":"https://longgererer.github.io"},"posts":[{"title":"koa2框架入门","date":"2020-01-04T02:54:13.000Z","path":"2020/01/04/koa2框架入门/","permalink":"https://longgererer.github.io/2020/01/04/koa2框架入门/","categories":[],"tags":[{"name":"Node.js","slug":"Node-js","permalink":"https://longgererer.github.io/tags/Node-js/"}]},{"title":"nginx配置","date":"2020-01-01T09:13:23.000Z","path":"2020/01/01/nginx配置/","permalink":"https://longgererer.github.io/2020/01/01/nginx配置/","categories":[],"tags":[{"name":"Nginx","slug":"Nginx","permalink":"https://longgererer.github.io/tags/Nginx/"}]},{"title":"Linux服务器常用指令","date":"2020-01-01T08:22:39.000Z","path":"2020/01/01/Linux服务器常用指令/","permalink":"https://longgererer.github.io/2020/01/01/Linux服务器常用指令/","categories":[],"tags":[{"name":"Linux","slug":"Linux","permalink":"https://longgererer.github.io/tags/Linux/"}]},{"title":"排序算法详解","date":"2019-12-11T07:53:00.000Z","path":"2019/12/11/排序算法详解/","permalink":"https://longgererer.github.io/2019/12/11/排序算法详解/","categories":[],"tags":[{"name":"算法","slug":"算法","permalink":"https://longgererer.github.io/tags/算法/"}]},{"title":"数据库系统概论笔记","date":"2019-11-30T03:15:33.000Z","path":"2019/11/30/数据库系统概论笔记/","permalink":"https://longgererer.github.io/2019/11/30/数据库系统概论笔记/","categories":[],"tags":[{"name":"数据库","slug":"数据库","permalink":"https://longgererer.github.io/tags/数据库/"}]},{"title":"深入理解原型链","date":"2019-11-15T07:26:00.000Z","path":"2019/11/15/深入理解原型链/","permalink":"https://longgererer.github.io/2019/11/15/深入理解原型链/","categories":[],"tags":[{"name":"JS原理","slug":"JS原理","permalink":"https://longgererer.github.io/tags/JS原理/"}]},{"title":"初学golang","date":"2019-11-13T06:02:10.000Z","path":"2019/11/13/初学golang/","permalink":"https://longgererer.github.io/2019/11/13/初学golang/","categories":[],"tags":[{"name":"GO","slug":"GO","permalink":"https://longgererer.github.io/tags/GO/"}]},{"title":"JS常用方法","date":"2019-10-26T01:59:41.000Z","path":"2019/10/26/JS常用方法/","permalink":"https://longgererer.github.io/2019/10/26/JS常用方法/","categories":[],"tags":[{"name":"JavaScript","slug":"JavaScript","permalink":"https://longgererer.github.io/tags/JavaScript/"}]},{"title":"BFC及其应用","date":"2019-10-24T00:43:44.000Z","path":"2019/10/24/BFC及其应用/","permalink":"https://longgererer.github.io/2019/10/24/BFC及其应用/","categories":[],"tags":[{"name":"CSS","slug":"CSS","permalink":"https://longgererer.github.io/tags/CSS/"}]},{"title":"前端需要知道的网络知识","date":"2019-10-22T08:26:18.000Z","path":"2019/10/22/前端需要知道的网络知识/","permalink":"https://longgererer.github.io/2019/10/22/前端需要知道的网络知识/","categories":[],"tags":[]},{"title":"Vue生命周期详解","date":"2019-10-21T07:57:08.000Z","path":"2019/10/21/Vue生命周期详解/","permalink":"https://longgererer.github.io/2019/10/21/Vue生命周期详解/","categories":[],"tags":[{"name":"Vue","slug":"Vue","permalink":"https://longgererer.github.io/tags/Vue/"}]},{"title":"Vue3.0解析","date":"2019-10-18T02:08:24.000Z","path":"2019/10/18/Vue3-0解析/","permalink":"https://longgererer.github.io/2019/10/18/Vue3-0解析/","categories":[],"tags":[{"name":"Vue","slug":"Vue","permalink":"https://longgererer.github.io/tags/Vue/"}]},{"title":"Weex入门","date":"2019-10-12T08:52:16.000Z","path":"2019/10/12/Weex入门/","permalink":"https://longgererer.github.io/2019/10/12/Weex入门/","categories":[],"tags":[{"name":"Weex","slug":"Weex","permalink":"https://longgererer.github.io/tags/Weex/"}]},{"title":"代码模块化","date":"2019-10-03T01:24:10.000Z","path":"2019/10/03/代码模块化/","permalink":"https://longgererer.github.io/2019/10/03/代码模块化/","categories":[],"tags":[{"name":"JS原理","slug":"JS原理","permalink":"https://longgererer.github.io/tags/JS原理/"}]},{"title":"JS正则表达式","date":"2019-10-01T07:12:23.000Z","path":"2019/10/01/JS正则表达式/","permalink":"https://longgererer.github.io/2019/10/01/JS正则表达式/","categories":[],"tags":[{"name":"正则表达式","slug":"正则表达式","permalink":"https://longgererer.github.io/tags/正则表达式/"}]},{"title":"React工程目录详解","date":"2019-09-29T09:33:56.000Z","path":"2019/09/29/React工程目录详解/","permalink":"https://longgererer.github.io/2019/09/29/React工程目录详解/","categories":[],"tags":[{"name":"React","slug":"React","permalink":"https://longgererer.github.io/tags/React/"}]},{"title":"对象深拷贝和浅拷贝","date":"2019-09-28T12:23:18.000Z","path":"2019/09/28/对象深拷贝和浅拷贝/","permalink":"https://longgererer.github.io/2019/09/28/对象深拷贝和浅拷贝/","categories":[],"tags":[{"name":"JS原理","slug":"JS原理","permalink":"https://longgererer.github.io/tags/JS原理/"}]},{"title":"Redux笔记","date":"2019-09-25T03:06:17.000Z","path":"2019/09/25/Redux笔记/","permalink":"https://longgererer.github.io/2019/09/25/Redux笔记/","categories":[],"tags":[{"name":"React","slug":"React","permalink":"https://longgererer.github.io/tags/React/"}]},{"title":"React-router","date":"2019-09-24T02:58:32.000Z","path":"2019/09/24/React-router/","permalink":"https://longgererer.github.io/2019/09/24/React-router/","categories":[],"tags":[{"name":"React","slug":"React","permalink":"https://longgererer.github.io/tags/React/"}]},{"title":"React Hook","date":"2019-09-23T01:46:16.000Z","path":"2019/09/23/React-Hook/","permalink":"https://longgererer.github.io/2019/09/23/React-Hook/","categories":[],"tags":[{"name":"React","slug":"React","permalink":"https://longgererer.github.io/tags/React/"}]},{"title":"React生命周期","date":"2019-09-22T10:18:56.000Z","path":"2019/09/22/React生命周期/","permalink":"https://longgererer.github.io/2019/09/22/React生命周期/","categories":[],"tags":[{"name":"React","slug":"React","permalink":"https://longgererer.github.io/tags/React/"}]},{"title":"React Context","date":"2019-09-08T06:03:17.000Z","path":"2019/09/08/Context/","permalink":"https://longgererer.github.io/2019/09/08/Context/","categories":[],"tags":[]},{"title":"Window对象属性详解","date":"2019-08-20T03:02:00.000Z","path":"2019/08/20/Window对象属性详解/","permalink":"https://longgererer.github.io/2019/08/20/Window对象属性详解/","categories":[],"tags":[{"name":"JS原理","slug":"JS原理","permalink":"https://longgererer.github.io/tags/JS原理/"}]},{"title":"Vue技术内幕","date":"2019-08-03T02:14:38.000Z","path":"2019/08/03/Vue技术内幕/","permalink":"https://longgererer.github.io/2019/08/03/Vue技术内幕/","categories":[],"tags":[{"name":"Vue","slug":"Vue","permalink":"https://longgererer.github.io/tags/Vue/"}]},{"title":"SASS学习笔记","date":"2019-07-24T07:13:45.000Z","path":"2019/07/24/SASS学习笔记/","permalink":"https://longgererer.github.io/2019/07/24/SASS学习笔记/","categories":[],"tags":[{"name":"Sass","slug":"Sass","permalink":"https://longgererer.github.io/tags/Sass/"}]},{"title":"C语言笔记","date":"2019-07-14T08:49:11.000Z","path":"2019/07/14/C语言笔记/","permalink":"https://longgererer.github.io/2019/07/14/C语言笔记/","categories":[],"tags":[{"name":"C","slug":"C","permalink":"https://longgererer.github.io/tags/C/"}]},{"title":"浏览器的缓存机制","date":"2019-07-13T01:29:09.000Z","path":"2019/07/13/浏览器的缓存机制/","permalink":"https://longgererer.github.io/2019/07/13/浏览器的缓存机制/","categories":[],"tags":[{"name":"缓存","slug":"缓存","permalink":"https://longgererer.github.io/tags/缓存/"}]},{"title":"JS内存管理","date":"2019-07-08T12:28:29.000Z","path":"2019/07/08/JS内存管理/","permalink":"https://longgererer.github.io/2019/07/08/JS内存管理/","categories":[],"tags":[{"name":"JS原理","slug":"JS原理","permalink":"https://longgererer.github.io/tags/JS原理/"}]},{"title":"14种JavaScript设计模式","date":"2019-07-06T01:42:24.000Z","path":"2019/07/06/14种JavaScript设计模式/","permalink":"https://longgererer.github.io/2019/07/06/14种JavaScript设计模式/","categories":[],"tags":[{"name":"JS原理","slug":"JS原理","permalink":"https://longgererer.github.io/tags/JS原理/"}]},{"title":"grid网格布局","date":"2019-07-04T13:48:59.000Z","path":"2019/07/04/grid网格布局/","permalink":"https://longgererer.github.io/2019/07/04/grid网格布局/","categories":[],"tags":[{"name":"CSS","slug":"CSS","permalink":"https://longgererer.github.io/tags/CSS/"}]},{"title":"全面理解CSS媒体查询","date":"2019-07-04T12:29:17.000Z","path":"2019/07/04/全面理解CSS媒体查询/","permalink":"https://longgererer.github.io/2019/07/04/全面理解CSS媒体查询/","categories":[],"tags":[{"name":"CSS","slug":"CSS","permalink":"https://longgererer.github.io/tags/CSS/"}]},{"title":"用JS实现最短路径算法","date":"2019-06-21T09:22:18.000Z","path":"2019/06/21/用JS实现最短路径算法/","permalink":"https://longgererer.github.io/2019/06/21/用JS实现最短路径算法/","categories":[],"tags":[{"name":"算法","slug":"算法","permalink":"https://longgererer.github.io/tags/算法/"}]},{"title":"广度优先算法和深度优先算法","date":"2019-05-24T02:03:22.000Z","path":"2019/05/24/深度优先遍历和广度优先遍历/","permalink":"https://longgererer.github.io/2019/05/24/深度优先遍历和广度优先遍历/","categories":[],"tags":[{"name":"算法","slug":"算法","permalink":"https://longgererer.github.io/tags/算法/"}]},{"title":"一些重要的前端面试题目","date":"2019-05-22T13:18:57.000Z","path":"2019/05/22/前端面试题汇总/","permalink":"https://longgererer.github.io/2019/05/22/前端面试题汇总/","categories":[],"tags":[{"name":"JS原理","slug":"JS原理","permalink":"https://longgererer.github.io/tags/JS原理/"}]},{"title":"async/await学习笔记","date":"2019-05-21T04:47:31.000Z","path":"2019/05/21/async-await学习笔记/","permalink":"https://longgererer.github.io/2019/05/21/async-await学习笔记/","categories":[],"tags":[{"name":"JS原理","slug":"JS原理","permalink":"https://longgererer.github.io/tags/JS原理/"}]},{"title":"Vue路由详解","date":"2019-05-19T13:14:47.000Z","path":"2019/05/19/Vue路由详解/","permalink":"https://longgererer.github.io/2019/05/19/Vue路由详解/","categories":[],"tags":[{"name":"Vue","slug":"Vue","permalink":"https://longgererer.github.io/tags/Vue/"}]},{"title":"详解Vue组件化","date":"2019-05-19T07:47:40.000Z","path":"2019/05/19/Vue组件详解/","permalink":"https://longgererer.github.io/2019/05/19/Vue组件详解/","categories":[],"tags":[{"name":"Vue","slug":"Vue","permalink":"https://longgererer.github.io/tags/Vue/"}]},{"title":"Axios学习笔记","date":"2019-05-12T02:03:16.000Z","path":"2019/05/12/axios学习笔记/","permalink":"https://longgererer.github.io/2019/05/12/axios学习笔记/","categories":[],"tags":[{"name":"Axios","slug":"Axios","permalink":"https://longgererer.github.io/tags/Axios/"}]},{"title":"Vuex学习笔记","date":"2019-05-11T04:34:06.000Z","path":"2019/05/11/Vuex笔记/","permalink":"https://longgererer.github.io/2019/05/11/Vuex笔记/","categories":[],"tags":[{"name":"Vuex","slug":"Vuex","permalink":"https://longgererer.github.io/tags/Vuex/"}]},{"title":"TypeScript学习指南","date":"2019-05-07T13:01:06.000Z","path":"2019/05/07/TypeScript学习指南/","permalink":"https://longgererer.github.io/2019/05/07/TypeScript学习指南/","categories":[],"tags":[{"name":"TypeScript","slug":"TypeScript","permalink":"https://longgererer.github.io/tags/TypeScript/"}]},{"title":"虚拟DOM和Diff算法","date":"2019-05-03T09:37:04.000Z","path":"2019/05/03/虚拟DOM和Diff算法/","permalink":"https://longgererer.github.io/2019/05/03/虚拟DOM和Diff算法/","categories":[],"tags":[{"name":"React","slug":"React","permalink":"https://longgererer.github.io/tags/React/"}]},{"title":"函数柯里化","date":"2019-05-02T12:44:11.000Z","path":"2019/05/02/函数柯里化/","permalink":"https://longgererer.github.io/2019/05/02/函数柯里化/","categories":[],"tags":[{"name":"JS原理","slug":"JS原理","permalink":"https://longgererer.github.io/tags/JS原理/"}]},{"title":"Object.create()","date":"2019-05-01T01:23:44.000Z","path":"2019/05/01/Object-creat/","permalink":"https://longgererer.github.io/2019/05/01/Object-creat/","categories":[],"tags":[{"name":"JS原理","slug":"JS原理","permalink":"https://longgererer.github.io/tags/JS原理/"}]},{"title":"this的指向","date":"2019-04-28T08:34:31.000Z","path":"2019/04/28/this的指向/","permalink":"https://longgererer.github.io/2019/04/28/this的指向/","categories":[],"tags":[{"name":"JS原理","slug":"JS原理","permalink":"https://longgererer.github.io/tags/JS原理/"}]},{"title":"DOM事件","date":"2019-04-23T05:27:53.000Z","path":"2019/04/23/DOM事件/","permalink":"https://longgererer.github.io/2019/04/23/DOM事件/","categories":[],"tags":[{"name":"JS原理","slug":"JS原理","permalink":"https://longgererer.github.io/tags/JS原理/"}]},{"title":"同步和异步","date":"2019-04-22T07:02:58.000Z","path":"2019/04/22/同步和异步/","permalink":"https://longgererer.github.io/2019/04/22/同步和异步/","categories":[],"tags":[{"name":"JS原理","slug":"JS原理","permalink":"https://longgererer.github.io/tags/JS原理/"}]},{"title":"浏览器的回流与重绘","date":"2019-03-28T11:53:10.000Z","path":"2019/03/28/浏览器的回流与重绘/","permalink":"https://longgererer.github.io/2019/03/28/浏览器的回流与重绘/","categories":[],"tags":[{"name":"回流与重绘","slug":"回流与重绘","permalink":"https://longgererer.github.io/tags/回流与重绘/"}]},{"title":"函数节流与函数防抖","date":"2019-03-28T01:06:02.000Z","path":"2019/03/28/函数节流与函数防抖/","permalink":"https://longgererer.github.io/2019/03/28/函数节流与函数防抖/","categories":[],"tags":[{"name":"JS原理","slug":"JS原理","permalink":"https://longgererer.github.io/tags/JS原理/"}]},{"title":"Generator生成器","date":"2019-03-09T12:58:24.000Z","path":"2019/03/09/Generator生成器/","permalink":"https://longgererer.github.io/2019/03/09/Generator生成器/","categories":[],"tags":[{"name":"Generator","slug":"Generator","permalink":"https://longgererer.github.io/tags/Generator/"}]},{"title":"Promise学后总结","date":"2019-03-07T05:05:02.000Z","path":"2019/03/07/Promise学后总结/","permalink":"https://longgererer.github.io/2019/03/07/Promise学后总结/","categories":[],"tags":[{"name":"Promise","slug":"Promise","permalink":"https://longgererer.github.io/tags/Promise/"}]},{"title":"JavaScript设计模式","date":"2019-03-04T06:58:02.000Z","path":"2019/03/04/JavaScript设计模式/","permalink":"https://longgererer.github.io/2019/03/04/JavaScript设计模式/","categories":[],"tags":[{"name":"JS原理","slug":"JS原理","permalink":"https://longgererer.github.io/tags/JS原理/"}]},{"title":"Webpack4学后总结","date":"2019-02-27T10:08:51.000Z","path":"2019/02/27/Webpack4学后总结/","permalink":"https://longgererer.github.io/2019/02/27/Webpack4学后总结/","categories":[],"tags":[{"name":"Webpack","slug":"Webpack","permalink":"https://longgererer.github.io/tags/Webpack/"}]},{"title":"MVC与MVVM","date":"2019-02-27T02:43:59.000Z","path":"2019/02/27/MVC与MVVM/","permalink":"https://longgererer.github.io/2019/02/27/MVC与MVVM/","categories":[],"tags":[{"name":"MVC&MVVM","slug":"MVC-MVVM","permalink":"https://longgererer.github.io/tags/MVC-MVVM/"}]},{"title":"LHS与RHS","date":"2019-02-26T02:23:26.000Z","path":"2019/02/26/LHS与RHS/","permalink":"https://longgererer.github.io/2019/02/26/LHS与RHS/","categories":[],"tags":[{"name":"JS原理","slug":"JS原理","permalink":"https://longgererer.github.io/tags/JS原理/"}]}]}